Indicator,Mean,CI_Lower,CI_Upper
PCI,0.398066,0.349490,0.443197
CI,0.581622,0.547835,0.618789
CEI,0.569313,0.526914,0.616475
ECPI,0.121984,0.118026,0.126092
M,0.613025,0.591336,0.633755
R,0.366811,0.341650,0.396721
E,0.638280,0.636833,0.639589
